{
	"id": "d65e9b372b868550cbfb2ab93f1c8a58",
	"_format": "hh-sol-build-info-1",
	"solcVersion": "0.6.6",
	"solcLongVersion": "0.6.6+commit.6c089d02",
	"input": {
		"language": "Solidity",
		"sources": {
			"contracts/StorageFactory.sol": {
				"content": "// SPDX-License-Identifier: MIT\r\npragma solidity ^0.6.0;"
			}
		},
		"settings": {
			"optimizer": {
				"enabled": false,
				"runs": 200
			},
			"outputSelection": {
				"*": {
					"": [
						"ast"
					],
					"*": [
						"abi",
						"metadata",
						"devdoc",
						"userdoc",
						"storageLayout",
						"evm.legacyAssembly",
						"evm.bytecode",
						"evm.deployedBytecode",
						"evm.methodIdentifiers",
						"evm.gasEstimates",
						"evm.assembly"
					]
				}
			}
		}
	},
	"output": {
		"sources": {
			"contracts/StorageFactory.sol": {
				"ast": {
					"absolutePath": "contracts/StorageFactory.sol",
					"exportedSymbols": {},
					"id": 2,
					"nodeType": "SourceUnit",
					"nodes": [
						{
							"id": 1,
							"literals": [
								"solidity",
								"^",
								"0.6",
								".0"
							],
							"nodeType": "PragmaDirective",
							"src": "33:23:0"
						}
					],
					"src": "33:23:0"
				},
				"id": 0
			}
		}
	}
}